{
  "table_name": "TXP_TRANSFERS",
  "description": "Table of transfer of patient care from one transplant center to another.",
  "primary_key": {
    "column_name": "SUMMARY_BLOCK_ID",
    "ordinal_position": "1"
  },
  "columns": [
    {
      "index": 2,
      "name": "SUMMARY_BLOCK_ID",
      "type": "NUMERIC",
      "discontinued": false,
      "description": "The unique identifier for the episode record."
    },
    {
      "index": 7,
      "name": "LINE",
      "type": "INTEGER",
      "discontinued": false,
      "description": "The line number for the information associated with this record. Multiple pieces of information can be associated with this record."
    },
    {
      "index": 12,
      "name": "TRANSFER_TOFROM_C_NAME",
      "type": "VARCHAR",
      "discontinued": false,
      "description": "Whether the transplant patient has transferred to or from another facility.\n\n\nMay contain organization-specific values: Yes\n\n\n Category Entries: \n\n\nTo\n\n\nFrom"
    },
    {
      "index": 21,
      "name": "TRANSFER_CENTER_C_NAME",
      "type": "VARCHAR",
      "discontinued": false,
      "description": "The center where the patient's care was transferred to or from if the center is a member of the United Network of Organ Sharing.\n\n\nMay contain organization-specific values: Yes\n\n\n Category Entries: \n\n\nUniv of South Alabama Med Ctr (Mobile, AL)\n\n\nBaptist Med Ctr Princeton (Birmingham, AL)\n\n\nChildren's of Alabama (Birmingham, AL)\n\n\nUniversity of Alabama Hospital (Birmingham, AL)\n\n\nBaptist Medical Center (Little Rock, AR)\n\n\nArkansas Children's Hospital (Little Rock, AR)\n\n\nJohn L. McClellan VA Hospital (Little Rock, AR)\n\n\nUAMS Medical Center (Little Rock, AR)\n\n\nPhoenix Children's Hospital (Phoenix, AZ)\n\n\nBanner-University Medical Center Phoenix (Phoenix, AZ)\n\n\nPhoenix Regional Medical Center (Phoenix, AZ)\n\n\nMayo Clinic Hospital Arizona (Phoenix, AZ)\n\n\nSt. Joseph's Hospital and Medical Center (Phoenix, AZ)\n\n\nScottsdale Healthcare Osborn (Scottsdale, AZ)\n\n\nVeterans Admin Med Ctr Tucson (Tucson, AZ)\n\n\nBanner University Medical Center-Tucson (Tucson, AZ)\n\n\nSt Bernardine Med Center (San Bernardino, CA)\n\n\nAlta Bates Med Ctr (Berkeley, CA)\n\n\nSummit Med Ctr (Oakland, CA)\n\n\nRady Children's Hospital and Health Center (San Diego, CA)\n\n\nChildren's Hospital Los Angeles (Los Angeles, CA)\n\n\nCedars-Sinai Medical Center (Los Angeles, CA)\n\n\nEl Camino Hosp (Mountain View, CA)\n\n\nEisenhower Mem Hosp (Rancho Mirage, CA)\n\n\nScripps Green Hospital (La Jolla, CA)\n\n\nCity of Hope National Medical Center (Duarte, CA)\n\n\nUniversity of California Irvine Medical Center (Orange, CA)\n\n\nKaiser Permanente Hospital (Los Angeles, CA)\n\n\nKaiser Permanente Hosp Oakland (Oakland, CA)\n\n\nKaiser Permanente-San Fran. Med. Ctr (San Francisco, CA)\n\n\nHarbor UCLA Medical Center (Torrance, CA)\n\n\nSt. Mary Medical Center (Long Beach, CA)\n\n\nLoma Linda University Medical Center (Loma Linda, CA)\n\n\nMercy Hosp and Med Ctr (San Diego, CA)\n\n\nSanta Rosa Memorial Hosp (Santa Rosa, CA)\n\n\nLucile Salter Packard Children's Hospital at Stanford (Palo Alto, CA)\n\n\nCalifornia Pacific Medical Center-Van Ness Campus (San Francisco, CA)\n\n\nRiverside Community Hospital (Riverside, CA)\n\n\nHoag Mem Hosp Presbyterian (Newport Beach, CA)\n\n\nArrowhead Reg. Med. Ctr. (Colton, CA)\n\n\nUniv of Southern CA Med Ctr (Los Angeles, CA)\n\n\nUniversity of California San Diego Medical Center (La Jolla, CA)\n\n\nUniversity of California San Francisco Medical Center (San Francisco, CA)\n\n\nSutter Medical Center Sacramento (Sacramento, CA)\n\n\nSharp Memorial Hospital (San Diego, CA)\n\n\nSaint Joseph Hospital (Orange, CA)\n\n\nUniversity of California Davis Medical Center (Sacramento, CA)\n\n\nStanford Health Care (Stanford, CA)\n\n\nSt. Vincent Medical Center (Los Angeles, CA)\n\n\nUniversity of California at Los Angeles Medical Center (Los Angeles, CA)\n\n\nKeck Hospital of USC (Los Angeles, CA)\n\n\nWestern Medical Center (Santa Ana, CA)\n\n\nChildren's Hospital Colorado (Aurora, CO)\n\n\nMemorial Hosp (Colorado Springs, CO)\n\n\nCentura Transplant (Denver, CO)\n\n\nPoudre Valley Hosp (Fort Collins, CO)\n\n\nPresbyterian/St Luke's Medical Center (Denver, CO)\n\n\nUniversity of Colorado Hospital/Health Science Center (Aurora, CO)\n\n\nHartford Hospital (Hartford, CT)\n\n\nYale New Haven Hospital (New Haven, CT)\n\n\nChildren's National Medical Center (Washington, DC)\n\n\nMedstar Georgetown Transplant Institute (Washington, DC)\n\n\nGeorge Washington University Hospital (Washington, DC)\n\n\nHoward University Hospital (Washington, DC)\n\n\nProvidence Hosp (Washington, DC)\n\n\nWashington Hospital Center (Washington, DC)\n\n\nWalter Reed National Military Medical Center at Bethesda (Bethesda, MD)\n\n\nAlfred I duPont Hospital for Children (Wilmington, DE)\n\n\nChristiana Care Health Services (Newark, DE)\n\n\nJohns Hopkins All Children's Hospital (St. Petersburg, FL)\n\n\nBroward Health Medical Center (Fort Lauderdale, FL)\n\n\nBert Fish Med Ctr (New Smyrna Beach, FL)\n\n\nCleveland Clinic Florida Weston (Weston, FL)\n\n\nAdventHealth Orlando (Orlando, FL)\n\n\nGulf Coast Medical Center (Ft Myers, FL)\n\n\nJackson Memorial Hospital University of Miami School of Medicine (Miami, FL)\n\n\nShands Jacksonville (Jacksonville, FL)\n\n\nMiami Children's Hosp (Miami, FL)\n\n\nSt Joseph's Hosp (Tampa, FL)\n\n\nMayo Clinic Hospital Florida (Jacksonville, FL)\n\n\nTampa General Hospital (Tampa, FL)\n\n\nTallahassee Memorial Hospital (Tallahassee, FL)\n\n\nUF Health Shands Hospital (Gainesville, FL)\n\n\nUniversity Medical Center (Jacksonville, FL)\n\n\nChildren's Healthcare of Atlanta at Egleston (Atlanta, GA)\n\n\nEmory University Hospital (Atlanta, GA)\n\n\nGrady Memorial Hospital (Atlanta, GA)\n\n\nAU Medical Center, Inc. (Augusta, GA)\n\n\nPiedmont Hospital (Atlanta, GA)\n\n\nSaint Joseph's Hospital of Atlanta (Atlanta, GA)\n\n\nUniversity Hospital (Augusta, GA)\n\n\nHawaii Medical Center East (Honolulu, HI)\n\n\nIowa Methodist Medical Center (Des Moines, IA)\n\n\nThe Iowa City VA Health Care System (Iowa City, IA)\n\n\nUniversity of Iowa Hospitals and Clinics Transplant Programs (Iowa City, IA)\n\n\nMercy Medical Center-Des Moines (Des Moines, IA)\n\n\nAdvocate Christ Medical Center (Oak Lawn, IL)\n\n\nAnn & Robert H. Lurie Children's Hospital of Chicago (Chicago, IL)\n\n\nEvanston Hospital (Evanston, IL)\n\n\nEdward Hines Jr. Veterans Administration Medical Center (Hines, IL)\n\n\nLoyola University Medical Center (Maywood, IL)\n\n\nSpringfield Memorial Hospital (Springfield, IL)\n\n\nNorthwestern Memorial Hospital (Chicago, IL)\n\n\nRush University Medical Center (Chicago, IL)\n\n\nOSF Saint Francis Medical Center (Peoria, IL)\n\n\nSt. Johns Hospital (Springfield, IL)\n\n\nUniversity of Chicago Medical Center (Chicago, IL)\n\n\nUniversity of Illinois Medical Center (Chicago, IL)\n\n\nIndiana University Health (Indianapolis, IN)\n\n\nIndiana University Med Ctr (Indianapolis, IN)\n\n\nLutheran Hospital of Fort Wayne (Ft Wayne, IN)\n\n\nAscension St. Vincent Hospital (Indianapolis, IN)\n\n\nSt. Francis Hospital and Medical Center (Topeka, KS)\n\n\nVia Christi Hospitals Wichita, Inc. (Wichita, KS)\n\n\nKansas Heart Hospital (Wichita, KS)\n\n\nUniversity of Kansas Hospital (Kansas City, KS)\n\n\nColumbia Audubon Hosp (Louisville, KY)\n\n\nJewish Hospital (Louisville, KY)\n\n\nNorton Children's Hospital (Louisville, KY)\n\n\nUniversity of Kentucky Medical Center (Lexington, KY)\n\n\nChildren's Hospital (New Orleans, LA)\n\n\nLakeview Hospital (Covington, LA)\n\n\nUniversity Medical Center (Lafayette, LA)\n\n\nUniversity Hospital (New Orleans, LA)\n\n\nOchsner Foundation Hospital (New Orleans, LA)\n\n\nMemorial Med Ctr (New Orleans, LA)\n\n\nSchumpert Health System (Shreveport, LA)\n\n\nLouisiana State Univ Med Ctr (Shreveport, LA)\n\n\nTulane Medical Center (New Orleans, LA)\n\n\nWillis-Knighton Medical Center (Shreveport, LA)\n\n\nBeth Israel Deaconess Medical Center (Boston, MA)\n\n\nBaystate Medical Center (Springfield, MA)\n\n\nBoston Medical Center (Boston, MA)\n\n\nBoston VA Med Ctr (Boston, MA)\n\n\nBoston Children's Hospital (Boston, MA)\n\n\nLahey Clinic Medical Center (Burlington, MA)\n\n\nMassachusetts General Hospital (Boston, MA)\n\n\nTufts Medical Center (Boston, MA)\n\n\nBrigham and Women's Hospital (Boston, MA)\n\n\nUMass Memorial Medical Center (Worcester, MA)\n\n\nJohns Hopkins Bayview Med Ctr (Baltimore, MD)\n\n\nJohns Hopkins Hospital (Baltimore, MD)\n\n\nWarren Grant Magnuson Clinical Ctr (Bethesda, MD)\n\n\nShady Grove Adventist Hosp (Rockville, MD)\n\n\nUniversity of Maryland Medical System (Baltimore, MD)\n\n\nWashington Adventist Hosp (Takoma Park, MD)\n\n\nMaine Medical Center (Portland, ME)\n\n\nWilliam Beaumont Hospital (Royal Oak, MI)\n\n\nChildren's Hospital of Michigan (Detroit, MI)\n\n\nHelen DeVos Children's Hospital (Grand Rapids, MI)\n\n\nHenry Ford Hospital (Detroit, MI)\n\n\nHarper University Hospital Detroit Medical Center (Detroit, MI)\n\n\nHurley Medical Center (Flint, MI)\n\n\nBorgess Med Ctr (Kalamazoo, MI)\n\n\nGrace Hosp (Detroit, MI)\n\n\nAscension St. John Hospital (Detroit, MI)\n\n\nMercy Health Saint Mary's (Grand Rapids, MI)\n\n\nUniversity of Michigan Medical Center (Ann Arbor, MI)\n\n\nAbbott Northwestern Hospital (Minneapolis, MN)\n\n\nChildren's Minnesota (Minneapolis, MN)\n\n\nHennepin County Medical Center (Minneapolis, MN)\n\n\nMayo Clinic Hospital Minnesota (Rochester, MN)\n\n\nMetropolitan Mt Sinai Med Ctr (Minneapolis, MN)\n\n\nVeterans Administration Medical Center (Minneapolis, MN)\n\n\nSaint Marys Hospital (Mayo Clinic) (Rochester, MN)\n\n\nUniversity of Minnesota Medical Center, Fairview (Minneapolis, MN)\n\n\nBarnes-Jewish Hospital (St. Louis, MO)\n\n\nCardinal Glennon Children's Hospital (St. Louis, MO)\n\n\nSt. Louis Children's Hospital at Washington University Medical Center (St Louis, MO)\n\n\nChildren's Mercy Hospital (Kansas City, MO)\n\n\nJohn Cochran VA Hosp (St Louis, MO)\n\n\nDePaul Health Ctr (Bridgeton, MO)\n\n\nSt Johns Mercy Med Ctr (St Louis, MO)\n\n\nSt Luke's Hospital of Kansas City (Kansas City, MO)\n\n\nMenorah Med Ctr (Kansas City, MO)\n\n\nResearch Medical Center (Kansas City, MO)\n\n\nSt Johns Reg Med Ctr (Joplin, MO)\n\n\nSSM Health Saint Louis University Hospital (St Louis, MO)\n\n\nUniversity of Missouri Hospital and Clinics (Columbia, MO)\n\n\nUniversity of Mississippi Medical Center (Jackson, MS)\n\n\nWake Forest Baptist Medical Center (Winston Salem, NC)\n\n\nCarolinas Medical Center (Charlotte, NC)\n\n\nDuke University Hospital (Durham, NC)\n\n\nDurham VA Medical Center (Durham, NC)\n\n\nVidant Medical Center (Greenville, NC)\n\n\nUniversity of North Carolina Hospitals (Chapel Hill, NC)\n\n\nDakota Heartland Health System (Fargo, ND)\n\n\nSanford Bismarck Medical Center (Bismarck, ND)\n\n\nSanford Medical Center Fargo (Fargo, ND)\n\n\nBryanLGH Medical Center East (Lincoln, NE)\n\n\nNebraska Health System (Omaha, NE)\n\n\nSt Joseph Hosp (Omaha, NE)\n\n\nThe Nebraska Medical Center (Omaha, NE)\n\n\nMary Hitchcock Memorial Hospital (Lebanon, NH)\n\n\nNewark Beth Israel Medical Center (Newark, NJ)\n\n\nHackensack University Medical Center (Hackensack, NJ)\n\n\nVirtua Our Lady of Lourdes Hospital (Camden, NJ)\n\n\nRobert Wood Johnson University Hospital (New Brunswick, NJ)\n\n\nSaint Barnabas Medical Center (Livingston, NJ)\n\n\nUniversity Hospital (Newark, NJ)\n\n\nUniversity Hospital, University of New Mexico Health Sciences Center (Albuquerque, NM)\n\n\nPresbyterian Hospital (Albuquerque, NM)\n\n\nSunrise Hosp and Medical Center (Las Vegas, NV)\n\n\nUniversity Medical Center of Southern Nevada (Las Vegas, NV)\n\n\nAlbany Medical Center Hospital (Albany, NY)\n\n\nChildren's Hosp of Buffalo (Buffalo, NY)\n\n\nBuffalo VA Medical Center (Buffalo, NY)\n\n\nBuffalo General Hosp/Children's Hosp (Buffalo, NY)\n\n\nNY Presbyterian Hospital/Columbia Univ. Medical Center (New York, NY)\n\n\nState University of New York, Downstate Medical Center (Brooklyn, NY)\n\n\nErie County Medical Center (Buffalo, NY)\n\n\nStrong Memorial Hospital, University of Rochester Medical Center (Rochester, NY)\n\n\nMontefiore Medical Center (Bronx, NY)\n\n\nMount Sinai Medical Center (New York, NY)\n\n\nNorth Shore University Hospital/Northwell Health (Manhasset, NY)\n\n\nNew York-Presbyterian Hospital/Weill Cornell Medical Center (New York, NY)\n\n\nUniversity Hospital of State University of New York at Stony Brook (Stony Brook, NY)\n\n\nSt. Luke's Roosevelt Hospital Center (New York, NY)\n\n\nNYU Langone Health (New York, NY)\n\n\nState University of New York Upstate Medical University (Syracuse, NY)\n\n\nWestchester Medical Center (Valhalla, NY)\n\n\nAkron City Hospital (Akron, OH)\n\n\nChildren's Hosp Med Ctr of Akron (Akron, OH)\n\n\nThe Cleveland Clinic Foundation (Cleveland, OH)\n\n\nNationwide Children's Hospital (Columbus, OH)\n\n\nChildren's Hospital Medical Center (Cincinnati, OH)\n\n\nUniversity of Toledo Medical Center (Toledo, OH)\n\n\nMiami Valley Hospital (Dayton, OH)\n\n\nOhio State University Medical Center (Columbus, OH)\n\n\nSt Elizabeth Health Ctr (Youngstown, OH)\n\n\nThe Christ Hospital (Cincinnati, OH)\n\n\nUniversity of Cincinnati Medical Center (Cincinnati, OH)\n\n\nUniversity Hospitals of Cleveland (Cleveland, OH)\n\n\nIntegris Baptist Medical Center (Oklahoma City, OK)\n\n\nChildren's Hospital of Oklahoma (Oklahoma City, OK)\n\n\nHillcrest Med Ctr (Tulsa, OK)\n\n\nOU Medical Center (Oklahoma City, OK)\n\n\nSt. Anthony Hospital (Oklahoma City, OK)\n\n\nSaint Francis Hospital (Tulsa, OK)\n\n\nSt John Medical Center (Tulsa, OK)\n\n\nLegacy Good Samaritan Hospital and Medical Center (Portland, OR)\n\n\nProvidence Portland Medical Center (Portland, OR)\n\n\nProvidence St. Vincent Medical Center (Portland, OR)\n\n\nPortland Veterans Administration Medical Center (Portland, OR)\n\n\nOregon Health and Science University (Portland, OR)\n\n\nAlbert Einstein Medical Center (Philadelphia, PA)\n\n\nAllegheny General Hospital (Pittsburgh, PA)\n\n\nUPMC Children's Hospital of Pittsburgh (Pittsburgh, PA)\n\n\nChildren's Hospital of Philadelphia (Philadelphia, PA)\n\n\nGeisinger Medical Center (Danville, PA)\n\n\nPenn State Milton S Hershey Medical Center (Hershey, PA)\n\n\nPinnacle Health System at Harrisburg Hospital (Harrisburg, PA)\n\n\nHahnemann University Hospital (Philadelphia, PA)\n\n\nThe Lankenau Hospital (Wynnewood, PA)\n\n\nLehigh Valley Hospital (Allentown, PA)\n\n\nOakland VA Medical Center (Pittsburgh, PA)\n\n\nUniversity of Pittsburgh Medical Center (Pittsburgh, PA)\n\n\nSt. Christopher's Hospital for Children (Philadelphia, PA)\n\n\nThomas Jefferson University Hospital (Philadelphia, PA)\n\n\nTemple University Hospital (Philadelphia, PA)\n\n\nHospital of the University of Pennsylvania (Philadelphia, PA)\n\n\nVA Pittsburgh Healthcare System (Pittsburgh, PA)\n\n\nGeisinger Wyoming Valley Medical Ctr (Wilkes-Barre, PA)\n\n\nCardiovascular Center of Puerto Rico and the Caribbean (San Juan, PR)\n\n\nAuxilio Mutuo Hospital (Hato Rey, PR)\n\n\nRhode Island Hospital (Providence, RI)\n\n\nMedical University of South Carolina (Charleston, SC)\n\n\nProvidence Hosp (Columbia, SC)\n\n\nRichland Memorial Hosp (Columbia, SC)\n\n\nAvera McKennan Hospital (Sioux Falls, SD)\n\n\nBaptist Memorial Hospital (Memphis, TN)\n\n\nErlanger Medical Center (Chattanooga, TN)\n\n\nJohnson City Med Ctr Hosp (Johnson City, TN)\n\n\nLe Bonheur Children's Medical Center (Memphis, TN)\n\n\nMethodist University Hospital (Memphis, TN)\n\n\nCentennial Medical Center (Nashville, TN)\n\n\nSaint Thomas Hospital (Nashville, TN)\n\n\nUniversity of Tennessee Medical Center at Knoxville (Knoxville, TN)\n\n\nUniv of Tennessee Med Center (Memphis, TN)\n\n\nVanderbilt University Medical Center (Nashville, TN)\n\n\nNashville Veterans Administration Hospital (Nashville, TN)\n\n\nBrackenridge Hosp (Austin, TX)\n\n\nBaylor Scott and White All Saints Medical Center-Fort Worth (Fort Worth, TX)\n\n\nBrooke Army Med Ctr (Fort Sam Houston, TX)\n\n\nUniversity Hospital, University of Texas Health Science Center (San Antonio, TX)\n\n\nCook Children's Medical Center (Fort Worth, TX)\n\n\nMethodist Children's Hosp of S. Texas (San Antonio, TX)\n\n\nChildren's Medical Center of Dallas (Dallas, TX)\n\n\nSeton Medical Center Austin (Austin, TX)\n\n\nNorth Austin Medical Center (Austin, TX)\n\n\nTexas Health Harris Methodist Fort Worth Hospital (Fort Worth, TX)\n\n\nBaylor Med Ctr Grapevine (Grapevine, TX)\n\n\nMedical City Dallas Hospital (Dallas, TX)\n\n\nMemorial Hermann Hospital, University of Texas at Houston (Houston, TX)\n\n\nCHI St. Luke's Health Baylor College of Medicine Medical Center (Houston, TX)\n\n\nMethodist Specialty and Transplant Hospital (San Antonio, TX)\n\n\nUniversity of Texas Medical Branch at Galveston (Galveston, TX)\n\n\nUniversity Medical Center (Lubbock, TX)\n\n\nCovenant Medical Center (Lubbock, TX)\n\n\nMethodist Dallas Medical Center (Dallas, TX)\n\n\nHouston Methodist Hospital (Houston, TX)\n\n\nMedical City Fort Worth (Fort Worth, TX)\n\n\nParkland Health and Hospital System (Dallas, TX)\n\n\nChristus Santa Rosa Hospital Medical Center (San Antonio, TX)\n\n\nSierra Medical Ctr (El Paso, TX)\n\n\nUT Southwestern Medical Center/William P. Clements Jr. University Hospital (Dallas, TX)\n\n\nScott and White Memorial Hospital (Temple, TX)\n\n\nTexas Children's Hospital (Houston, TX)\n\n\nBaylor University Medical Center (Dallas, TX)\n\n\nEast Texas Medical Center (Tyler, TX)\n\n\nWilford Hall Medical Center (Lackland AFB, TX)\n\n\nZale-Lipshv University Hospital (Dallas, TX)\n\n\nUnknown Hospital\n\n\nIntermountain Medical Center (Murray, UT)\n\n\nSalt Lake City VA Medical Center (Salt Lake City, UT)\n\n\nUniversity of Utah Medical Center (Salt Lake City, UT)\n\n\nPrimary Children's Hospital (Salt Lake City, UT)\n\n\nChildren's Hospital of the King's Daughters (Norfolk, VA)\n\n\nInova Fairfax Hospital (Falls Church, VA)\n\n\nHenrico Doctors' Hospital (Richmond, VA)\n\n\nVCU Health System Authority, VCUMC (Richmond, VA)\n\n\nHunter Holmes McGuire Veterans Administration Medical Center (Richmond, VA)\n\n\nSentara Norfolk General Hospital (Norfolk, VA)\n\n\nCarilion Roanoke Memorial Hospital (Roanoke, VA)\n\n\nUniversity of Virginia Health Sciences Center (Charlottesville, VA)\n\n\nThe University of Vermont Medical Center (Burlington, VT)\n\n\nSeattle Children's Hospital (Seattle, WA)\n\n\nProvidence Sacred Heart Medical Center & Children's Hospital (Spokane, WA)\n\n\nSwedish Medical Center (Seattle, WA)\n\n\nUniversity of Washington Medical Center (Seattle, WA)\n\n\nVirginia Mason Medical Center (Seattle, WA)\n\n\nChildren's Hospital of Wisconsin (Milwaukee, WI)\n\n\nJohn L Doyne Hospital (Milwaukee, WI)\n\n\nZablocki VA Medical Center (Milwaukee, WI)\n\n\nFroedtert Memorial Lutheran Hospital (Milwaukee, WI)\n\n\nAurora St. Luke's Medical Center (Milwaukee, WI)\n\n\nUniversity of Wisconsin Hospital and Clinics (Madison, WI)\n\n\nCharleston Area Medical Center (Charleston, WV)\n\n\nWest Virginia University Hospitals Inc. (Morgantown, WV)\n\n\nForeign Transplant\n\n\nOther Domestic Hospital\n\n\nThe Queen's Medical Center (Honolulu, HI)\n\n\nCrozer-Chester Medical Center (Upland, PA)\n\n\nHalifax Health (Daytona Beach, FL)\n\n\nMemorial Regional Hospital/Joe DiMaggio Children's Hospital (Hollywood, FL)\n\n\nSpectrum Health (Grand Rapids, MI)\n\n\nSanford Health/USD Medical Center (Sioux Falls, SD)\n\n\nDriscoll Children's Hospital (Corpus Christi, TX)\n\n\nLas Palmas Medical Center (El Paso, TX)\n\n\nMcAllen Medical Center (McAllen, TX)\n\n\nMichael E. DeBakey VA Medical Center (Houston, TX)\n\n\nBirmingham VA Medical Center (Birmingham, AL)\n\n\nUniv of MN Amplatz Children's Hosp (Minneapolis, MN)\n\n\nChildren's Hospital & Medical Center (Omaha, NE)\n\n\nMemorial Regional Hospital (Hollywood, FL)\n\n\nUPMC Hamot (Erie, PA)\n\n\nUCSF Medical Center at Mission Bay (San Francisco, CA)\n\n\nLargo Medical Center (Largo, FL)\n\n\nAscension Sacred Heart Pensacola (Pensacola, FL)\n\n\nJames J. Peters VA Medical Center (Bronx, NY)\n\n\nLong Island Jewish Medical Center-Cohen Children's Medical Center (Queens, NY)\n\n\nVA Portland Health Care System (Portland, OR)\n\n\nMUSC Children's Hospital (Charleston, SC)\n\n\nDoctor's Hospital at Renaissance (Edinburg, TX)\n\n\nUniversity Children�s Health (San Antonio, TX)\n\n\nReading Hospital (Reading, PA)\n\n\nDell Children's Medical Center (Austin, TX)\n\n\nPrisma Health Greenville Memorial Hospital (Greenville, SC)\n\n\nDell Seton Medical Center at The University of Texas at Austin (Austin, TX)\n\n\nMUSC Lancaster (Lancaster, SC)"
    },
    {
      "index": 398,
      "name": "TRANSFER_CENTER_OTH",
      "type": "VARCHAR",
      "discontinued": false,
      "description": "The center where the patient's care was transferred to or from if the center is not a member of the United Network of Organ Sharing."
    },
    {
      "index": 403,
      "name": "TRANSFER_PHONE",
      "type": "VARCHAR",
      "discontinued": false,
      "description": "The transfer center's phone number."
    },
    {
      "index": 408,
      "name": "TRANSFER_FAX",
      "type": "VARCHAR",
      "discontinued": false,
      "description": "The transfer center's fax number."
    },
    {
      "index": 413,
      "name": "TRANSFER_DATE",
      "type": "DATETIME",
      "discontinued": false,
      "description": "The date of the transfer of patient care from one center to another."
    }
  ]
}
